{
    "version": "5", "total": "38", "success": "true",
    "worldwide" :  [
        {
            "country": "Australia",
            "distributors": [
                {
                    "name": "Arrow Electronics",
                    "address": "14 Nicole Close, Bayswater - Victoria",
                    "state": "null",
                    "country": "Australia",
                    "zip": "3153",
                    "phone": "+61-397374900",
                    "fax": "null",
                    "email": "sales.anz@arrowasia.com",
                    "map": "null"
                }
            ]
        },
        {
            "country": "Austria",
            "distributors": [
                {
                    "name": "AEK Gmbh",
                    "address": "Maxglaner Haupt str. 70,5020 Salzburg",
                    "state": "null",
                    "country": "Austria",
                    "zip": "null",
                    "phone": "+43-662-830810",
                    "fax": "null",
                    "email": "office@aek.at",
                    "map": "null"
                }
            ]
        },
        {
            "country": "Belgium",
            "distributors": [
                {
                    "name": "Heynen NV",
                    "address": "Centrum-Zuid 3047-B-3530, Houthalen",
                    "state": "null",
                    "country": "Belgium",
                    "zip": "null",
                    "phone": "+32-1160-0910",
                    "fax": "null",
                    "email": "johan.de.ceuster@heynen.be",
                    "map": "null"
                }
            ]
        },
        {
            "country": "China",
            "distributors": [
                {
                    "name": "IBS Technology Shenzhen Ltd.",
                    "address": "Room 3705, 37/F, International Science and Technology Building, 3007, Shen Nan Road, Shenzhen",
                    "state": "null",
                    "country": "China",
                    "zip": "518033",
                    "phone": "+86-755-8221-0037",
                    "fax": "null",
                    "email": "salescn@ibselectronics.com",
                    "map": "null"
                }
            ]
        },
        {
            "country": "Finland",
            "distributors": [
                {
                    "name": "OY Nylund - Group AB",
                    "address": "Nylund Group Masalantie, 375, 02430 MASALA",
                    "state": "null",
                    "country": "Finland",
                    "zip": "null",
                    "phone": "+358-9-2219-1400",
                    "fax": "null",
                    "email": "electronics@nylund.fi",
                    "map": "null"
                }
            ]
        },
        {
            "country": "Germany",
            "distributors": [
                {
                    "name": "WDI AG",
                    "address": "Industriestrasse 25A Industriezentrum, Wedel (Holstein)",
                    "state": "null",
                    "country": "Germany",
                    "zip": "D-22880",
                    "phone": "+49-4103-1800-152",
                    "fax": "null",
                    "email": "sales@wdi.ag",
                    "map": "null"
                },
                {
                    "name": "Weltron Elektronik GmbH",
                    "address": "Sommerauer Str. 11, Feuchtwangen",
                    "state": "null",
                    "country": "Germany",
                    "zip": "D-91555",
                    "phone": "+49-9852-6727-12",
                    "fax": "null",
                    "email": "info@weltron.de",
                    "map": "null"
                },
                {
                    "name": "Weltronic GmbH",
                    "address": "Leuchtenbergring 5, Munich",
                    "state": "null",
                    "country": "Germany",
                    "zip": "81677",
                    "phone": "+49-89-492066",
                    "fax": "+49-89-496234",
                    "email": "info@weltronic.de, frommknecht@gmail.com",
                    "map": "null"
                }
            ]
        },
        {
            "country": "Hongkong (China)",
            "distributors": [
                {
                    "name": "IBS Tech Int’l HK Ltd.",
                    "address": "Unit C, 5/F, Mai On Industrial Building, 17-21, Kung Yip Street, Kawi Chung, NT",
                    "state": "null",
                    "country": "Hongkong (China)",
                    "zip": "null",
                    "phone": "+852-2947-0009",
                    "fax": "null",
                    "email": "saleshk@ibselectronics.com",
                    "map": "null"
                }
            ]
        },
        {
            "country": "India",
            "distributors": [
                {
                    "name": "Vam Electronics",
                    "address": "Shop No. 1 & 2, 1690, Sunder Bhawan, Bhagirath Palace",
                    "state": "Delhi",
                    "country": "India",
                    "zip": "110 006",
                    "phone": "+91-11-23868159",
                    "fax": "+91-11-23868459",
                    "email": "vam.electronics@yahoo.co.in, enquiry@vamelectronics.com",
                    "map": "null"
                },
                {
                    "name": "Electrodeal",
                    "address": "202, 203, Fatehsagar Complex, Opp. Convent School, Fatehganj, Vadodara",
                    "state": "Gujarat",
                    "country": "India",
                    "zip": "390 002",
                    "phone": "+91-265-3013099, +91-265-2793344",
                    "fax": "+91-265-2786677",
                    "email": "respond@electrodeal.com, sanjayvelani@electrodeal.com",
                    "map": "null"
                },
                {
                    "name": "Swift Electrocomp Solutions (P) Ltd.",
                    "address": "# 681/99, 6th Main Road, Vijayanagar, Bengaluru",
                    "state": "Karnataka",
                    "country": "India",
                    "zip": "560 040",
                    "phone": "+91-80-23406770, +91-80-23406774",
                    "fax": "null",
                    "email": "sales@swiftelectrocomp.in, vishwanath@swiftelectrocomp.in",
                    "map": "null"
                },
                {
                    "name": "Roni Electronics",
                    "address": "#40/5884 C & D, AVS Building, M G Road, Ernakulam, Kochi",
                    "state": "Kerala",
                    "country": "India",
                    "zip": "682 035",
                    "phone": "+91-484-2355029, +91-484-2369926",
                    "fax": "+91-484-2352928",
                    "email": "roni@sify.com, roy@ronielectronics.com",
                    "map": "null"
                },
                {
                    "name": "Electromark Technologies",
                    "address": "12A, Hanuman Terrace Building, 1st Floor, Behind Bombay Biscuits, Tara Temple Lane, Grant Road, Mumbai",
                    "state": "Maharashtra",
                    "country": "India",
                    "zip": "400 007",
                    "phone": "+91-22-23820454, +91-22-23820455, +91-22-23820456",
                    "fax": "null",
                    "email": "mahavir@electromarkindia.com",
                    "map": "null"
                },
                {
                    "name": "Multitek Electro Devices",
                    "address": "167, Above Apeksha Palace, Pune-Saswad Road, Phursungi Fata, Pune",
                    "state": "Maharashtra",
                    "country": "India",
                    "zip": "412 308",
                    "phone": "+91-20-26860032, +91-9923391582",
                    "fax": "+91-20-26860032",
                    "email": "shahkumar@vsnl.net, multitekdevices@gmail.com",
                    "map": "null"
                },
                {
                    "name": "Ramesh Electronics",
                    "address": "New Hanuman Building, Shop No. 8, 16, Shyamrao Vithal Marg, Lamington Road, (P.O. Kiln Lane), Mumbai",
                    "state": "Maharashtra",
                    "country": "India",
                    "zip": "400 007",
                    "phone": "+91-22-2388-5701, +91-22-2387-5720",
                    "fax": "+91-22-2385-0711, +91-22-2385-1624",
                    "email": "rameshelectronics9@yahoo.co.in",
                    "map": "null"
                },
                {
                    "name": "Elektronika Sales Private Ltd.",
                    "address": "16, Narsingpuram Street, Mount Road, Chennai",
                    "state": "Tamil Nadu",
                    "country": "India",
                    "zip": "600 002",
                    "phone": "+91-44-2858-7165, +91-442858-7765",
                    "fax": "+91-44-2841-9833",
                    "email": "info@elektronikasales.com",
                    "map": "null"
                },
                {
                    "name": "Indian Electronics",
                    "address": "6, Madan Street, Kolkata",
                    "state": "West Bengal",
                    "country": "India",
                    "zip": "700 072",
                    "phone": "+91-33-22127548, +91-9831232412",
                    "fax": "+91-33-22126385",
                    "email": "indianelec1974@gmail.com, wasimul2006@yahoo.co.in",
                    "map": "null"
                },
                {
                    "name": "National Electronics Corporation",
                    "address": "3, Chandni Approach, 1st Floor, Room No - 2 & 3, Kolkata",
                    "state": "West Bengal",
                    "country": "India",
                    "zip": "700 072",
                    "phone": "+91-33-2212-4066, +91-9831003907",
                    "fax": "+91-33-2212-4062",
                    "email": "necorpn@yahoo.com, nec_cal_haque@vsnl.net",
                    "map": "null"
                }
            ]
        },
        {
            "country": "Israel",
            "distributors": [
                {
                    "name": "Trust Electronics Ltd.",
                    "address": "43, Haatzmaut Way, St. Yehud, P.O. Box : 2800, Yehud",
                    "state": "null",
                    "country": "Israel",
                    "zip": "56302",
                    "phone": "+97-23-6322566",
                    "fax": "null",
                    "email": "dov@trust-electronics.com, benny@trust-electronics.com",
                    "map": "null"
                }
            ]
        },
        {
            "country": "Italy",
            "distributors": [
                {
                    "name": "MOS SRL",
                    "address": "Via San Martino, 1 20834 Nova Milanese (MZ) MI",
                    "state": "null",
                    "country": "Italy",
                    "zip": "1",
                    "phone": "+39-362-364615",
                    "fax": "null",
                    "email": "acquisti@mossrl.com",
                    "map": "null"
                }
            ]
        },
        {
            "country": "Korea (South)",
            "distributors": [
                {
                    "name": "Suyu Electronics International Trading",
                    "address": "#408, Woolim W-city, Sampyeong-dong, Bundang-gu, Seongnam-city, Gyeonggi-do",
                    "state": "null",
                    "country": "Korea (South)",
                    "zip": "463-400",
                    "phone": "+82-31-628-7820, +82-10-9458-5256",
                    "fax": "+82-31-628-7826",
                    "email": "gerrardlee@su-yu.co.kr",
                    "map": "null"
                }
            ]
        },
        {
            "country": "Malaysia",
            "distributors": [
                {
                    "name": "Acumen Components Sdn Bhd",
                    "address": "155, Jalan Kikik, Taman Inderawasih, 13600 Perai, Pulau Pinang",
                    "state": "null",
                    "country": "Malaysia",
                    "zip": "null",
                    "phone": "+60-4-3997713",
                    "fax": "null",
                    "email": "cp.ng@acumen.my",
                    "map": "null"
                }
            ]
        },
        {
            "country": "Netherlands",
            "distributors": [
                {
                    "name": "Heynen BV",
                    "address": "P.O. Box 10, NL-6590 AA Gennep",
                    "state": "null",
                    "country": "Netherlands",
                    "zip": "null",
                    "phone": "+31-485-550937",
                    "fax": "null",
                    "email": "heynen@heynen.com",
                    "map": "null"
                }
            ]
        },
        {
            "country": "New Zealand",
            "distributors": [
                {
                    "name": "Arrow Electronics",
                    "address": "Suite 3, Level 1, 12-18 Moorhouse Ave, Christchurch",
                    "state": "null",
                    "country": "New Zealand",
                    "zip": "null",
                    "phone": "+64-927-22520, +64-213-28850",
                    "fax": "null",
                    "email": "john.gillon@arrowasia.com, sales.anz@arrowasia.com",
                    "map": "null"
                }
            ]
        },
        {
            "country": "Philippines",
            "distributors": [
                {
                    "name": "IBS Electronics Inc",
                    "address": "Unit 308, ALPAP II Building, Trade St. Corner Investment Drive, Madrigal Business Park, Ayala-Alabang, Muntinlupacity",
                    "state": "null",
                    "country": "Philippines",
                    "zip": "1770",
                    "phone": "+632-807-6927",
                    "fax": "null",
                    "email": "salesph@ibselectronics.com",
                    "map": "null"
                }
            ]
        },
        {
            "country": "South Africa",
            "distributors": [
                {
                    "name": "Hi-Q Electronics Pty Ltd",
                    "address": "Bartlett Lake Office Park, Unit 8, Cnr. Trichardt & Leith Road, Bartlett, Boksburg",
                    "state": "null",
                    "country": "South Africa",
                    "zip": "null",
                    "phone": "+27-11-894-8083",
                    "fax": "null",
                    "email": "sales@hi-q.co.za",
                    "map": "null"
                },
                {
                    "name": "Hi-Q Electronics Pty Ltd.",
                    "address": "Syfin House, 2nd floor, Fairway Close, Ni - City / Parow, 7463, Cape Town",
                    "state": "null",
                    "country": "South Africa",
                    "zip": "null",
                    "phone": "+27-21-595-1307",
                    "fax": "null",
                    "email": "sales@hi-q.co.za",
                    "map": "null"
                }
            ]
        },
        {
            "country": "Spain",
            "distributors": [
                {
                    "name": "Aldinet Group",
                    "address": "Pol. Ind. Jose Ma Korta Parcela A6,Nave  220750 Zumaia",
                    "state": "Gipuzkoa",
                    "country": "Spain",
                    "zip": "null",
                    "phone": "+34-943-805-420",
                    "fax": "null",
                    "email": "aldinet@aldinet.com",
                    "map": "null"
                }
            ]
        },
        {
            "country": "Sweden",
            "distributors": [
                {
                    "name": "TS Connect AB",
                    "address": "Polygonvagen 93, 187 66 TABYFågelsångsvägen 20, 186 42 Vallentuna",
                    "state": "null",
                    "country": "Sweden",
                    "zip": "null",
                    "phone": "+46-732-02-1396",
                    "fax": "null",
                    "email": "larsthelin@tsconnect.se",
                    "map": "null"
                }
            ]
        },
        {
            "country": "Switzerland",
            "distributors": [
                {
                    "name": "Vibratec AG",
                    "address": "Industries trasse 21, CH-5507, Mellingen",
                    "state": "null",
                    "country": "Switzerland",
                    "zip": "null",
                    "phone": "+41-56-481-77-77",
                    "fax": "null",
                    "email": "info@vibratec.ch",
                    "map": "null"
                }
            ]
        },
        {
            "country": "Taiwan",
            "distributors": [
                {
                    "name": "MME Technology Co., Ltd.",
                    "address": "11F-5, No.81, Sec.1, Xizhi Dist., New Taipei City",
                    "state": "null",
                    "country": "Taiwan",
                    "zip": "221-01",
                    "phone": "+886-2-2698-0809",
                    "fax": "+886-2-2698-0810",
                    "email": "gary@mmetw.com, anita@mmetw.com",
                    "map": "null"
                }
            ]
        },
        {
            "country": "Turkey",
            "distributors": [
                {
                    "name": "Can Ticaret Ve Electronik San. Ltd. Sti.",
                    "address": "Kemankes Mah. Mumhane Cad.Ikizler Is Hani No : 42 Kat : 3 Karakoy",
                    "state": "null",
                    "country": "Turkey",
                    "zip": "34425",
                    "phone": "+90-212-244-46-48",
                    "fax": "null",
                    "email": "info@canticaret.net",
                    "map": "null"
                }
            ]
        },
        {
            "country": "UK",
            "distributors": [
                {
                    "name": "Distributed Micro Technology Ltd.",
                    "address": "The Old Bakery, 265 Yorktown Road, College Town, Sandhurst Berkshire, England",
                    "state": "null",
                    "country": "UK",
                    "zip": "GU 47 0QA",
                    "phone": "+44-1276-33391",
                    "fax": "null",
                    "email": "sales@dmtl.co.uk, info@dmtl.co.uk",
                    "map": "null"
                },
                {
                    "name": "Eurocap International Ltd.",
                    "address": "138, High Street, Cheshunt, Herts, England",
                    "state": "null",
                    "country": "UK",
                    "zip": "EN8 0AP",
                    "phone": "+44-1992-625407",
                    "fax": "null",
                    "email": "eurocap@dial.pipex.com",
                    "map": "null"
                },
                {
                    "name": "VTM (UK) Ltd.",
                    "address": "Irvin House, Icknield Way, Letchworth Garden City Hertfordshire, England",
                    "state": "null",
                    "country": "UK",
                    "zip": "SG6 1EF",
                    "phone": "+44-1462-473820",
                    "fax": "null",
                    "email": "sales@vtm.co.uk",
                    "map": "null"
                }
            ]
        },
        {
            "country": "Ukraine",
            "distributors": [
                {
                    "name": "Integral Ltd.",
                    "address": "28, Tekstylna Street, Ternopil",
                    "state": "null",
                    "country": "Ukraine",
                    "zip": "46010",
                    "phone": "+380-352-261955",
                    "fax": "null",
                    "email": "123@integral.te.ua",
                    "map": "null"
                }
            ]
        },
        {
            "country": "USA",
            "distributors": [
                {
                    "name": "IBS Electronics, Inc.",
                    "address": "3506-W,Lake Centre Drive, Santa Ana",
                    "state": "CA",
                    "country": "USA",
                    "zip": "92704-6985",
                    "phone": "+1-714-513-5343, +1-714-751-6633",
                    "fax": "null",
                    "email": "sales@ibselectronics.com",
                    "map": "null"
                }
            ]
        }
    ]

}
